{
  "creds": {
    "noiseKey": {
      "private": {
        "type": "Buffer",
        "data": "WBEr+YcFbJNZsFpXeuoqMjIYBevrLznnIW09KWJlcVg="
      },
      "public": {
        "type": "Buffer",
        "data": "wBvGGLHciDlw5uFTfS+fzY68V47xFvVJpZyzzMCd1Fc="
      }
    },
    "signedIdentityKey": {
      "private": {
        "type": "Buffer",
        "data": "iFC3b+U4ItV/nps4377W9Qqoyif5ULSUplHxNGD1BFc="
      },
      "public": {
        "type": "Buffer",
        "data": "fQSuB8+LfESGobPc5o6en7T/JEJHdn7aP9Q9srhMmCc="
      }
    },
    "signedPreKey": {
      "keyPair": {
        "private": {
          "type": "Buffer",
          "data": "gJD5oBK3kpbfY+/WAV8mTnViEyq8BjuOQzXqB9sl/Us="
        },
        "public": {
          "type": "Buffer",
          "data": "jDQclHe4G3EaF1oCPZ/pBUNsTnIKsdfF4Ix3yF4qXgc="
        }
      },
      "signature": {
        "type": "Buffer",
        "data": "BuwFYHZ19+J4uOIhvuOjJVS723w+yUBYZcjfmwFL/waLsjj0pJxiGxjUcwDqLQ/mRDl1L4/6ERSGi/PqD/KWBg=="
      },
      "keyId": 1
    },
    "registrationId": 92,
    "advSecretKey": "YTP6KIoBY/SF7G7MTeWvAgZ1GUDSK6OGN+SqQ+pvkxE=",
    "nextPreKeyId": 31,
    "firstUnuploadedPreKeyId": 31,
    "serverHasPreKeys": true,
    "account": {
      "details": "COSekuMGEK3yjqoGGAM=",
      "accountSignatureKey": "m/i2LVjb1ru9unz2OgKV030sDRu084yg2jppHG8eXFo=",
      "accountSignature": "z6I/R0H9Gf52N/6BxNV72ATHQR3lxg7bVw2POljvbD9zjdMZFXte2W/6E9uDBW+ZjyKxMXjPHc8HLW/q6AshBA==",
      "deviceSignature": "kLQ3pjrND9Avxq4l6Mq0bGeiu6ZeQm5ftAI03IbHjUUB/TnK+NbGxpdxeb73natmKhBUgBtyuLmZCBQwXJIlAQ=="
    },
    "me": {
      "id": "919947121619:7@s.whatsapp.net",
      "verifiedName": "",
      "name": "919947121619"
    },
    "signalIdentities": [
      {
        "identifier": {
          "name": "919947121619:7@s.whatsapp.net",
          "deviceId": 0
        },
        "identifierKey": {
          "type": "Buffer",
          "data": "BZv4ti1Y29a7vbp89joCldN9LA0btPOMoNo6aRxvHlxa"
        }
      }
    ],
    "lastAccountSyncTimestamp": 1698937136,
    "myAppStateKeyId": "AAAAAKcf"
  },
  "keys": {
    "preKeys": {
      "1": {
        "private": {
          "type": "Buffer",
          "data": "ANw6YsZ/oWDqkXPO3yp1/cm37Rzfx/dMiaVr/DI/tHU="
        },
        "public": {
          "type": "Buffer",
          "data": "ZiD/Cm3urJ78Py1QZ1erB1vIfzeFOSL7+PiiKoa9Ow0="
        }
      },
      "2": {
        "private": {
          "type": "Buffer",
          "data": "wGxYKtJRjQrJyeF8qMnCGctvLSUV+rr1uFP/C8EG5G8="
        },
        "public": {
          "type": "Buffer",
          "data": "AqFk40GyXrV0bDQ8yDGIP+G7J9OF5ToX1RwUiEzYqh4="
        }
      },
      "3": {
        "private": {
          "type": "Buffer",
          "data": "wLlbj/Q0uVaI4gD+BG4kYtKaXLFq5auPcapVb/UCsm8="
        },
        "public": {
          "type": "Buffer",
          "data": "FRXUTo7zXR19Q7cJqjXySkp6PbDKh+QdIFdhZKt8EgI="
        }
      },
      "4": {
        "private": {
          "type": "Buffer",
          "data": "0JA0jScDIXXrtWvxQuaYRRbO5fwoHeQX+ktpEIBWolo="
        },
        "public": {
          "type": "Buffer",
          "data": "255tD/4Unf/HCk9CB7SViDz5L62ogylO8dt2ss1UolI="
        }
      },
      "5": null,
      "6": {
        "private": {
          "type": "Buffer",
          "data": "uA336DZwV56eR3n4vcTOiapHRmK2ONNXbPJORHjtCHU="
        },
        "public": {
          "type": "Buffer",
          "data": "acwfdWP6Us+dQlwSicbkNEB8+YfsL6PDnCOncIyjXw0="
        }
      },
      "7": {
        "private": {
          "type": "Buffer",
          "data": "iNzrSAxNyXHPVAl94kh1wIomgeepFar/yapmBtTUNng="
        },
        "public": {
          "type": "Buffer",
          "data": "MK91NEcJIcDTlBvcpzd1lq2NbjirhCeNkmMRI36hX3c="
        }
      },
      "8": {
        "private": {
          "type": "Buffer",
          "data": "EMmgQpdNHeGbmOo28r09q8M+Tr2S8Kg9w8ysvjWiN30="
        },
        "public": {
          "type": "Buffer",
          "data": "cr21P/VP/8XbN2hl9Y8MsGT/TL/YhxixwMEV1MPei1c="
        }
      },
      "9": {
        "private": {
          "type": "Buffer",
          "data": "KLRSj+xFXFl+HiRVZOXQG6rE987w9KGwETPSmhl2KFo="
        },
        "public": {
          "type": "Buffer",
          "data": "wETpwFAQCiPDMs9EzO65i9q4jLy3dHqV6VFBQ7x5vQo="
        }
      },
      "10": {
        "private": {
          "type": "Buffer",
          "data": "SHh2t+VV6bhqYzCJRDPkVAr80iXeG9g3LYWSmOHNvG4="
        },
        "public": {
          "type": "Buffer",
          "data": "2siV6rlaxmLk5903anFcNjNoE9LqwGA5uvsejYrmsQ8="
        }
      },
      "11": {
        "private": {
          "type": "Buffer",
          "data": "kJzBWM3sS29q9o1t+pjMSkSaAmDvhJHOYeQqBK/EhXc="
        },
        "public": {
          "type": "Buffer",
          "data": "ZCdJNNE/zRsmVf4ay3hSNWGsgGc75z5O1P1e4o0EI3A="
        }
      },
      "12": {
        "private": {
          "type": "Buffer",
          "data": "6Me8QXPyoyt08FnWfxMEWJSkoKzVbJThZIXT2k/753Y="
        },
        "public": {
          "type": "Buffer",
          "data": "RudrJYaIjq9oszDR/VDxBLR5r+gy5KXdq/vo6c6JC1Q="
        }
      },
      "13": {
        "private": {
          "type": "Buffer",
          "data": "eM2dk4Aulm47/0YsIYx5Mgh7Y0/cCHvaCulxzst/AF8="
        },
        "public": {
          "type": "Buffer",
          "data": "7SEaT5HGN4nkv4OQc0Bc7McVqi044rxR8CDXXO8gAys="
        }
      },
      "14": {
        "private": {
          "type": "Buffer",
          "data": "uLZ+f+TMnABaA819NhZhadY9xvKUVfZdx5M50XmTKVA="
        },
        "public": {
          "type": "Buffer",
          "data": "IigvdEYiJp2GaM7QIgna5oko93dWRlJfSVSchLMidQk="
        }
      },
      "15": {
        "private": {
          "type": "Buffer",
          "data": "SHXU5+hwixAWSt+SQSrAJ86gR53vq8pxoW68uXdaFVg="
        },
        "public": {
          "type": "Buffer",
          "data": "q0jz+j0tw0KgOA/OhnlPvQ/1X3eLIP2GimlSyB6HfDU="
        }
      },
      "16": {
        "private": {
          "type": "Buffer",
          "data": "qMj+A4cexPC9xastDvnL/hhe9jxBVAilX3wNN7hH9Hw="
        },
        "public": {
          "type": "Buffer",
          "data": "YaVhA+zpJEZsgzakgPh7a3CI1PcksEnnDQ6ByFdj5Ws="
        }
      },
      "17": {
        "private": {
          "type": "Buffer",
          "data": "QGT7MwoS9/sBPmixsbaQlo3pQFdHwbynwHsV5qkRy2U="
        },
        "public": {
          "type": "Buffer",
          "data": "aSiDklGh7oj9zDqrZUmyymWoc5XIy0b054HtSNze7ik="
        }
      },
      "18": {
        "private": {
          "type": "Buffer",
          "data": "qNzrfKE3/GzmCsrue+Nos/TujIgo8tOG6RiiUswGems="
        },
        "public": {
          "type": "Buffer",
          "data": "AvwEWKO2KwsiaU/dWnzheNTNQEmB4MjZDxUFARuEyFw="
        }
      },
      "19": {
        "private": {
          "type": "Buffer",
          "data": "aH7gA4tKoRF8B9CTwL+eUUdoaMZatj09nTjRyXRTU14="
        },
        "public": {
          "type": "Buffer",
          "data": "BOfecjUFsyrWx88GGixVuZQ4o0pnWPE5DBFwWji4gVM="
        }
      },
      "20": {
        "private": {
          "type": "Buffer",
          "data": "8HjEUVjRp7rux6wQWWzznJjo3MVx0ID0+y8+S2cTqlc="
        },
        "public": {
          "type": "Buffer",
          "data": "oJtl74oFEUkbMITYZZxAebqTnc4CDl59P/jpseV8b1g="
        }
      },
      "21": {
        "private": {
          "type": "Buffer",
          "data": "oBth9kh1q+Vv5ZLz/q5HR1zEFQ2OoLrBAQXtHI79Fks="
        },
        "public": {
          "type": "Buffer",
          "data": "WtCQbGIjE4MIV62b3beYEF1js/ipFHerSF6TGKVzWVg="
        }
      },
      "22": {
        "private": {
          "type": "Buffer",
          "data": "MIQ9j1ohPdlh6ox7KZKRDmt2ZtVnz9Tuam10YdEh1lw="
        },
        "public": {
          "type": "Buffer",
          "data": "OzGiGZHTrZr1VDd3R08p/OJYHDwT2+S1jX9RYVHfHFk="
        }
      },
      "23": {
        "private": {
          "type": "Buffer",
          "data": "AL4kWZYXP0h6Q9Yu3BL9eYbDqqEYjIxL75tFp+BYJGQ="
        },
        "public": {
          "type": "Buffer",
          "data": "mSVkO63N9Nh2jxsvl1YevRL8E7wcHAbxdKxwpC7Mbhk="
        }
      },
      "24": {
        "private": {
          "type": "Buffer",
          "data": "YDpb5zY7Vjio1gJ7h5yiHIyxt3iksiypDcZCPE+jLmQ="
        },
        "public": {
          "type": "Buffer",
          "data": "UDVOZ6xZPCrD1/xkPWHDxiKGbXccjzHPiGfj973sc0I="
        }
      },
      "25": {
        "private": {
          "type": "Buffer",
          "data": "GEDfFx+cPAnwFOXq+AqgY45Bpssr4NbBBnqZZfg/4Gk="
        },
        "public": {
          "type": "Buffer",
          "data": "KHL5Tvm0VekjhNzyroMxJvd0JXBooDA2Y94XHznBq0w="
        }
      },
      "26": {
        "private": {
          "type": "Buffer",
          "data": "aN4U/nBsidPyLLGiKl9YJgApCnB4BAnCF0l8Yfh7VmU="
        },
        "public": {
          "type": "Buffer",
          "data": "HYubE7aDogO9SniK9DkPx7DAPmBd1DhI0gSJ0XPYOUA="
        }
      },
      "27": {
        "private": {
          "type": "Buffer",
          "data": "MMnp6+LfaKHh4DIpQUbn/GxjXIlKt5/rpUg9ux95fX8="
        },
        "public": {
          "type": "Buffer",
          "data": "4H/hdWthRdvTQKW8DlaYYqtt7AIdJFLd+B3lgLhnNUM="
        }
      },
      "28": {
        "private": {
          "type": "Buffer",
          "data": "8KQCrdT2nzHQg2p++2zoU0pqExkCgXKhKFD2CAAT2nU="
        },
        "public": {
          "type": "Buffer",
          "data": "BCCh6+7OpZgsIK1tSjE09O+xyCTQjFriO5GTGH7wdzA="
        }
      },
      "29": {
        "private": {
          "type": "Buffer",
          "data": "ACwmTqPO8/d2T5wpVZSgG5PFSo3BVn1nIHmmqKoEf28="
        },
        "public": {
          "type": "Buffer",
          "data": "27Ye9cndbl7sSZvdjWFg0pjVN86ISsVCBBWmWDRk4xw="
        }
      },
      "30": {
        "private": {
          "type": "Buffer",
          "data": "WLFVWvMS3wWQxrclckOBuY8AMMfK9f+N+7TKBG4sk2Y="
        },
        "public": {
          "type": "Buffer",
          "data": "B2bWBxiotDkHP+ChV26gt2qdGGsj3rZjr3onaKwxUmY="
        }
      }
    },
    "sessions": {
      "919947121619.0": {
        "_sessions": {
          "BVEaAnEKUS4B5xtSwAv/DGemu6s/Ducnbih5WHpYCjBN": {
            "registrationId": 1267199176,
            "currentRatchet": {
              "ephemeralKeyPair": {
                "pubKey": "Bbh5ha8l/iizyamaxAClBn95I0x1e88sNwUdRdSKhKF8",
                "privKey": "CJ4NbF+cU9owNpPGiAf+oVUdgRStJ7JhPsh6e/UiO34="
              },
              "lastRemoteEphemeralKey": "BZUEHBbsmhUWfR34Rvla2sKPdEvESQdtORYrIdop97YE",
              "previousCounter": 0,
              "rootKey": "JvQi72B3Ed4cR5EOVNAg8O8Vz+cwvLsipQ+PJpHCJSY="
            },
            "indexInfo": {
              "baseKey": "BVEaAnEKUS4B5xtSwAv/DGemu6s/Ducnbih5WHpYCjBN",
              "baseKeyType": 2,
              "closed": -1,
              "used": 1698937142777,
              "created": 1698937142777,
              "remoteIdentityKey": "BZv4ti1Y29a7vbp89joCldN9LA0btPOMoNo6aRxvHlxa"
            },
            "_chains": {
              "BZUEHBbsmhUWfR34Rvla2sKPdEvESQdtORYrIdop97YE": {
                "chainKey": {
                  "counter": 1,
                  "key": "0s4xKJNNoY84bPRisC2TKj8CgJ9/fYC+rAbbKRSo+ik="
                },
                "chainType": 2,
                "messageKeys": {}
              },
              "Bbh5ha8l/iizyamaxAClBn95I0x1e88sNwUdRdSKhKF8": {
                "chainKey": {
                  "counter": -1,
                  "key": "2I2XUh/OzJv/NFFScV1ddPmsm/jMElbMtMJw1Hj1N0Q="
                },
                "chainType": 1,
                "messageKeys": {}
              }
            }
          }
        },
        "version": "v1"
      }
    },
    "appStateSyncKeys": {
      "AAAAAKcm": {
        "keyData": "E3yXixaDWm42iJzxI7B2pS+cWY7Bw/Pmw4aWmRKMhfw=",
        "fingerprint": {
          "rawId": 1818529636,
          "currentIndex": 2,
          "deviceIndexes": [
            0,
            2
          ]
        },
        "timestamp": "1698762600877"
      },
      "AAAAAKck": {
        "keyData": "9K9CPtroCQQFe0nHtdumyfIODBAGXnApAlE6dH7Hqko=",
        "fingerprint": {
          "rawId": 1818529635,
          "currentIndex": 6,
          "deviceIndexes": [
            0,
            5
          ]
        },
        "timestamp": "1698760086613"
      },
      "AAAAAKcl": {
        "keyData": "LK8iwjYocZLTXk3nMecM9zw3nsWaHChIr5PUglEbS+o=",
        "fingerprint": {
          "rawId": 1818529636,
          "currentIndex": 2,
          "deviceIndexes": [
            0,
            1,
            2
          ]
        },
        "timestamp": "1698760599948"
      },
      "AAAAAKci": {
        "keyData": "lZjciaVGPoVUJlrrLkorRtWInfITiC//orlKLdBmtss=",
        "fingerprint": {
          "rawId": 1818529635,
          "currentIndex": 6,
          "deviceIndexes": [
            0,
            4,
            5,
            6
          ]
        },
        "timestamp": "1698760067437"
      },
      "AAAAAKcj": {
        "keyData": "7MpAGJJeXxj0+GBCouO6o7nuj0oU2qhUFUtu4JlK25Q=",
        "fingerprint": {
          "rawId": 1818529635,
          "currentIndex": 6,
          "deviceIndexes": [
            0,
            5,
            6
          ]
        },
        "timestamp": "1698760082700"
      },
      "AAAAAKcg": {
        "keyData": "EyvcbAE3oYObdM5AvrWqCgFuZ1KfsAA1sAUUrz6buV8=",
        "fingerprint": {
          "rawId": 1818529635,
          "currentIndex": 3,
          "deviceIndexes": [
            0,
            1,
            2
          ]
        },
        "timestamp": "0"
      },
      "AAAAAKch": {
        "keyData": "IB0PlWW43SJFvPlSLNrNUz8ArufNE1MpIfXWolm2YWg=",
        "fingerprint": {
          "rawId": 1818529635,
          "currentIndex": 5,
          "deviceIndexes": [
            0,
            1,
            4,
            5
          ]
        },
        "timestamp": "0"
      },
      "AAAAAKcf": {
        "keyData": "J79NdTYcnGi5+t+eD4Td0UGNLzBran3K3mg81C+gJSU=",
        "fingerprint": {
          "rawId": 1818529635,
          "currentIndex": 1,
          "deviceIndexes": [
            0,
            1
          ]
        },
        "timestamp": "1698375434695"
      }
    }
  }
}