{
  "creds": {
    "noiseKey": {
      "private": {
        "type": "Buffer",
        "data": "YNCQg5eaeStQKzNrVHZCjv4BOzbQEZe5Bol5PgiF7VU="
      },
      "public": {
        "type": "Buffer",
        "data": "iUjrPdO4QHWCXZhLBplJcJxBgfMvCZG7qX7aXKtlxyM="
      }
    },
    "signedIdentityKey": {
      "private": {
        "type": "Buffer",
        "data": "OK1O/Rs8cS/Oo9/oPej1BTBF2binqkBr9/VMUfhoVVI="
      },
      "public": {
        "type": "Buffer",
        "data": "uZhs1jFVp+K5Uqup+4+r8EKZF8CdRlIDxepPRortlT0="
      }
    },
    "signedPreKey": {
      "keyPair": {
        "private": {
          "type": "Buffer",
          "data": "SPHQ0VSYOuwdJnOomm2AGLXYVuM4pGmz8dnXVeJzmlE="
        },
        "public": {
          "type": "Buffer",
          "data": "2sHdHMUUKarOGsj/nnzPlGLOpHQIRRXDCVnrv8n0DD0="
        }
      },
      "signature": {
        "type": "Buffer",
        "data": "hFF/uBu4G7VCYwxefL5iUJoa0suL5E5BvdpTc8gKFaRr6rcIDsuBjaOUBUJBBp2YiqazN0cyKyQYPl95NUAbgQ=="
      },
      "keyId": 1
    },
    "registrationId": 201,
    "advSecretKey": "uIY1ruKVKN2Zd2tnnOFSwcstQPhMPZrM/FTgyTIVzsE=",
    "nextPreKeyId": 31,
    "firstUnuploadedPreKeyId": 31,
    "serverHasPreKeys": true,
    "account": {
      "details": "COSekuMGEMf/k6oGGAU=",
      "accountSignatureKey": "m/i2LVjb1ru9unz2OgKV030sDRu084yg2jppHG8eXFo=",
      "accountSignature": "UkQ9nMeIE6vfxXKEAkrlHbf7yT8BKHsmccqA3oAM9ojVcxneStpBegibdXh7h0JyCFxmIedon6CD+KZM+/EaDg==",
      "deviceSignature": "CwHd+7NrCqj2mXS2WQhDQSOYfC9McoUR02SPq7qEXsCaGMpBPBjEQMbueuWa0bbZwrIOh7k31DfOkZvCmcD3hw=="
    },
    "me": {
      "id": "919947121619:9@s.whatsapp.net",
      "verifiedName": "",
      "name": "919947121619"
    },
    "signalIdentities": [
      {
        "identifier": {
          "name": "919947121619:9@s.whatsapp.net",
          "deviceId": 0
        },
        "identifierKey": {
          "type": "Buffer",
          "data": "BZv4ti1Y29a7vbp89joCldN9LA0btPOMoNo6aRxvHlxa"
        }
      }
    ],
    "lastAccountSyncTimestamp": 1699020747,
    "myAppStateKeyId": "AAAAAKcf"
  },
  "keys": {
    "preKeys": {
      "1": {
        "private": {
          "type": "Buffer",
          "data": "8OqVS9mHieDK4gpO7fhFNSboCk6SZq4JciQWSA6eSEU="
        },
        "public": {
          "type": "Buffer",
          "data": "4rCaFTpKSvZhHnbSGSqzWsgt8NVUWgY2OaXJ0DlC+EE="
        }
      },
      "2": {
        "private": {
          "type": "Buffer",
          "data": "2FyZ0QaULPZ05NR47cK+ccyLsLDRfG8Dr6FL5Vs48Xc="
        },
        "public": {
          "type": "Buffer",
          "data": "cMuALuf95jAYY1bl62jPuV2o8KqiG0XyVW1+wCcEkEM="
        }
      },
      "3": {
        "private": {
          "type": "Buffer",
          "data": "gD+X27wjB581DEPJIrOsLzLbxOA0Pn86AM7F59fONXY="
        },
        "public": {
          "type": "Buffer",
          "data": "HDEm7bYDVEdk0DOiJPVXg6IHT0WA0dELGRpcu5mlOBU="
        }
      },
      "4": {
        "private": {
          "type": "Buffer",
          "data": "mHmhk0O7q72D3JgKgEZZ2JAT0dQedot+yRwp1JS5yWg="
        },
        "public": {
          "type": "Buffer",
          "data": "ncyTTJ08pBwWykT9sTS8/SXqvu2jHqkQEyy64LpXm2o="
        }
      },
      "5": {
        "private": {
          "type": "Buffer",
          "data": "cCkpz2JM9X7mElvWnFtyHOX4oHWmxg7ry6hSldky2Hw="
        },
        "public": {
          "type": "Buffer",
          "data": "8fSf5v/KJ0e/noKAxRnBjR3vEGiCiur4EwUHNtOpUxY="
        }
      },
      "6": {
        "private": {
          "type": "Buffer",
          "data": "2Eihp00i7BY+5cibAS8dTqKJErWgNvcKf+o4d+j3g0c="
        },
        "public": {
          "type": "Buffer",
          "data": "suvtD2vmhPa5XzYKErCSXAIlgVwLvUw0URlpZmagjWU="
        }
      },
      "7": {
        "private": {
          "type": "Buffer",
          "data": "QAw7wAt6ozDOcElv/nB5H/hKFzu7E+LhbFYKyYYIyV0="
        },
        "public": {
          "type": "Buffer",
          "data": "J8FBf2t7kttTQVXjllKIc5zJSy6KcZgoqGX0zaGUsSA="
        }
      },
      "8": {
        "private": {
          "type": "Buffer",
          "data": "8K13uEObMBC7h8/lWpBbMSqTwnAQwWEeUmOYV/t3F2U="
        },
        "public": {
          "type": "Buffer",
          "data": "KiPjm385c0rI2ZEsCGZ5brjY4ofToBUB8l6I8G7S+Wk="
        }
      },
      "9": {
        "private": {
          "type": "Buffer",
          "data": "wERkm01QzEeWr8JlXBp13VuOejLXYArAW992Ero7X2w="
        },
        "public": {
          "type": "Buffer",
          "data": "pq9apjfpHIVOa9Go0wtD/W0oj58QaR1NEOi/uc/U0SM="
        }
      },
      "10": {
        "private": {
          "type": "Buffer",
          "data": "gCp/wjYnnQqfd1eRsLsrEau+NbqTGPq7tObasxyzzVY="
        },
        "public": {
          "type": "Buffer",
          "data": "ECSGqeuCeTcHZRt/mGPe8IuaGzskxjYvUDp7WgEDtxQ="
        }
      },
      "11": {
        "private": {
          "type": "Buffer",
          "data": "QCHSx2/cM09jX28j3Kp3rnJkXfAib/trPdqw0BO8QWQ="
        },
        "public": {
          "type": "Buffer",
          "data": "US2RZYumz4m7bpvgP3bc6B1adX44aJofVLV0Z0znEEY="
        }
      },
      "12": {
        "private": {
          "type": "Buffer",
          "data": "aNNsh+Wql5HndZSkhbty+1sbDC7NKgHA3FjSfJd2mno="
        },
        "public": {
          "type": "Buffer",
          "data": "lUdufF4taZXTd3X3k7vvpNfUPS42t9NlHGOJz0Jjdhw="
        }
      },
      "13": {
        "private": {
          "type": "Buffer",
          "data": "+Axpymjf16tBI/KWHf6PvDM/1Fg6esQ/F3DmTtqc5FU="
        },
        "public": {
          "type": "Buffer",
          "data": "Pb2CbOnjsWccttr48i7+QenBxdETGVa8KHjrXZt0SR8="
        }
      },
      "14": {
        "private": {
          "type": "Buffer",
          "data": "sN66/MmrngywRsJ2NRNEHF+o6uNxoGwPs1mdIUmgG1g="
        },
        "public": {
          "type": "Buffer",
          "data": "ghAXHiuKp3O12HFQCh/hlcu53JnuDMXJXpImZFjRvzQ="
        }
      },
      "15": {
        "private": {
          "type": "Buffer",
          "data": "CCJKux7o0zjoC83ZfYsxv09rqopOq1fKL5MOJgOtwGI="
        },
        "public": {
          "type": "Buffer",
          "data": "Qub1FZ6ym2T5uWlc/uEwfEbH24hXga2sdJ40+h++5lA="
        }
      },
      "16": {
        "private": {
          "type": "Buffer",
          "data": "KJaNjiCZ5dQRXEAtzr3YlMdDg2IpXwekGRTMNu1DI00="
        },
        "public": {
          "type": "Buffer",
          "data": "plzAgEXewo3etmvFlEIfW/lgCiJTGKST/yK4R8wG63U="
        }
      },
      "17": {
        "private": {
          "type": "Buffer",
          "data": "CF96s1/zsQ4pkPMpMuC2LqiMpIs18D5zHG8wW36Pe1U="
        },
        "public": {
          "type": "Buffer",
          "data": "sxJy6C6Fp5jci7pdIWfM7kic0R92df+motKEhs+rqGs="
        }
      },
      "18": null,
      "19": {
        "private": {
          "type": "Buffer",
          "data": "GFSWskzyl1YosWtkmfLH32NR9Lw6c25VU5HZS4OXwGQ="
        },
        "public": {
          "type": "Buffer",
          "data": "/PD0uRPN2cdx9e4vW/VUcGxQ7dKYQ1wc07O3jEYhEno="
        }
      },
      "20": {
        "private": {
          "type": "Buffer",
          "data": "yKT6GjQ3BhgmeI+BvFgNlC8kJsRxGZatQBwdyxXdNGg="
        },
        "public": {
          "type": "Buffer",
          "data": "ohjmfD8JboQU1eB6ZcUbjsx3qt/iP0hcWmGu4jRfi0o="
        }
      },
      "21": {
        "private": {
          "type": "Buffer",
          "data": "GG7AO5bGmfc8wJfY4DDmM04Aq1yRVo+DjPs/BJUjJHY="
        },
        "public": {
          "type": "Buffer",
          "data": "R0Iso2o9Jpyo3sMslJ/+9NNEeBz2Ed0rYh/iuY1Z0Vo="
        }
      },
      "22": {
        "private": {
          "type": "Buffer",
          "data": "EKe8ZouBZ8YgAlAt+ZRTWbB1U9rlHDC1JsMIjuNcMVI="
        },
        "public": {
          "type": "Buffer",
          "data": "JRH5YY1+GYgYHu2JKMipQDnxsarXej0U9eV02JCOGEc="
        }
      },
      "23": {
        "private": {
          "type": "Buffer",
          "data": "2PkQHGCV06EWknbEWf50+WX83+izaIvYxB+ts/v9emw="
        },
        "public": {
          "type": "Buffer",
          "data": "GRib6EEae/EzipdBB6/By57/nFtvWXOzL6a51ienUg4="
        }
      },
      "24": {
        "private": {
          "type": "Buffer",
          "data": "MLqVFrJh4ei/jd0xPz444Ymws2g1b3WZYHfRSojgYFE="
        },
        "public": {
          "type": "Buffer",
          "data": "jBlEJdoeuvHH6MZuNB5jZsONU+YYNof8eT2naAkZPmg="
        }
      },
      "25": {
        "private": {
          "type": "Buffer",
          "data": "cNcnqRsSWVnTrdbbjTmKp0lkdCcbQdqt/eMox3XtoVU="
        },
        "public": {
          "type": "Buffer",
          "data": "9zrw/YeE3oNwwZWqUbt5Ym6drF6ISscCaD/sgd/wXWA="
        }
      },
      "26": {
        "private": {
          "type": "Buffer",
          "data": "oLABsFFofkCg2R5keK7AsyPuVRpjlaJGTrJ+y3J5AkA="
        },
        "public": {
          "type": "Buffer",
          "data": "JMCGw8vJOeicT5fw/y1WjtMdIO3mLwhE/9ADbbKTMTU="
        }
      },
      "27": {
        "private": {
          "type": "Buffer",
          "data": "eOfQ6IQv42MSXeLoj62EJrMsM5f0xG7TIZkz+vW6Pkc="
        },
        "public": {
          "type": "Buffer",
          "data": "NBxAchLcglE3x1BlhLPHAAJRNgXFEPEFfDrxP9eiTB0="
        }
      },
      "28": {
        "private": {
          "type": "Buffer",
          "data": "IHk4RqcIytjg8niodjl5KogeDfzKlvfBxXOYDhCKP1g="
        },
        "public": {
          "type": "Buffer",
          "data": "fEmByfmgKU/xZeRcNhQVcidSPb4OhawjD1pCWQmE5i4="
        }
      },
      "29": {
        "private": {
          "type": "Buffer",
          "data": "+Ij0XYB/CvD7P/HlPSf1WAfMuguypd9+OuBzJHHZSmw="
        },
        "public": {
          "type": "Buffer",
          "data": "1IfPpWDF7KI0IUHVYHTTODR4eTW884r8rVZZWC5Q+ns="
        }
      },
      "30": {
        "private": {
          "type": "Buffer",
          "data": "ANfjbM3GjLjGRXI/1uVfDJpf8k5bLU6nwUocVjsk3H8="
        },
        "public": {
          "type": "Buffer",
          "data": "Xo4KVKn0qOS/xCJ0lzu7LrOY9y+hWLmWWIg25F0DHWE="
        }
      }
    },
    "sessions": {
      "919947121619.0": {
        "_sessions": {
          "BXRzgGTzPG7K7Fza72gWIJWMluNbIQISw588xTn+FGUH": {
            "registrationId": 1267199176,
            "currentRatchet": {
              "ephemeralKeyPair": {
                "pubKey": "BRJI0TqLzvPDxr7DM78NjOjyF3ziVEwVDwQ+ZMOOiMVU",
                "privKey": "4HO6KGV8u4dwijRsGGddf8CrgHin9Nu2SNzMYW0TMWA="
              },
              "lastRemoteEphemeralKey": "BfPf3I9Ffb4NtutTQVcf/Rsela1j47UwLl/T2/+HcSBG",
              "previousCounter": 0,
              "rootKey": "Ubp2LLlat4msCjDT7HcMxSP4KnxooSSwSPpfClaEQYw="
            },
            "indexInfo": {
              "baseKey": "BXRzgGTzPG7K7Fza72gWIJWMluNbIQISw588xTn+FGUH",
              "baseKeyType": 2,
              "closed": -1,
              "used": 1699020751539,
              "created": 1699020751539,
              "remoteIdentityKey": "BZv4ti1Y29a7vbp89joCldN9LA0btPOMoNo6aRxvHlxa"
            },
            "_chains": {
              "BfPf3I9Ffb4NtutTQVcf/Rsela1j47UwLl/T2/+HcSBG": {
                "chainKey": {
                  "counter": 3,
                  "key": "TwTIajEXsU0gCSSoQ+hf0qKG6hF1aZeXykYlFY/QiuE="
                },
                "chainType": 2,
                "messageKeys": {}
              },
              "BRJI0TqLzvPDxr7DM78NjOjyF3ziVEwVDwQ+ZMOOiMVU": {
                "chainKey": {
                  "counter": -1,
                  "key": "bLLAECVR3EQlXkb0TTSEkbg5Is0jb3X1EMuxrXUT/Vc="
                },
                "chainType": 1,
                "messageKeys": {}
              }
            }
          }
        },
        "version": "v1"
      }
    },
    "appStateSyncKeys": {
      "AAAAAKcm": {
        "keyData": "E3yXixaDWm42iJzxI7B2pS+cWY7Bw/Pmw4aWmRKMhfw=",
        "fingerprint": {
          "rawId": 1818529636,
          "currentIndex": 2,
          "deviceIndexes": [
            0,
            2
          ]
        },
        "timestamp": "1698762600877"
      },
      "AAAAAKck": {
        "keyData": "9K9CPtroCQQFe0nHtdumyfIODBAGXnApAlE6dH7Hqko=",
        "fingerprint": {
          "rawId": 1818529635,
          "currentIndex": 6,
          "deviceIndexes": [
            0,
            5
          ]
        },
        "timestamp": "1698760086613"
      },
      "AAAAAKcl": {
        "keyData": "LK8iwjYocZLTXk3nMecM9zw3nsWaHChIr5PUglEbS+o=",
        "fingerprint": {
          "rawId": 1818529636,
          "currentIndex": 2,
          "deviceIndexes": [
            0,
            1,
            2
          ]
        },
        "timestamp": "1698760599948"
      },
      "AAAAAKci": {
        "keyData": "lZjciaVGPoVUJlrrLkorRtWInfITiC//orlKLdBmtss=",
        "fingerprint": {
          "rawId": 1818529635,
          "currentIndex": 6,
          "deviceIndexes": [
            0,
            4,
            5,
            6
          ]
        },
        "timestamp": "1698760067437"
      },
      "AAAAAKcj": {
        "keyData": "7MpAGJJeXxj0+GBCouO6o7nuj0oU2qhUFUtu4JlK25Q=",
        "fingerprint": {
          "rawId": 1818529635,
          "currentIndex": 6,
          "deviceIndexes": [
            0,
            5,
            6
          ]
        },
        "timestamp": "1698760082700"
      },
      "AAAAAKcg": {
        "keyData": "EyvcbAE3oYObdM5AvrWqCgFuZ1KfsAA1sAUUrz6buV8=",
        "fingerprint": {
          "rawId": 1818529635,
          "currentIndex": 3,
          "deviceIndexes": [
            0,
            1,
            2
          ]
        },
        "timestamp": "0"
      },
      "AAAAAKch": {
        "keyData": "IB0PlWW43SJFvPlSLNrNUz8ArufNE1MpIfXWolm2YWg=",
        "fingerprint": {
          "rawId": 1818529635,
          "currentIndex": 5,
          "deviceIndexes": [
            0,
            1,
            4,
            5
          ]
        },
        "timestamp": "0"
      },
      "AAAAAKcf": {
        "keyData": "J79NdTYcnGi5+t+eD4Td0UGNLzBran3K3mg81C+gJSU=",
        "fingerprint": {
          "rawId": 1818529635,
          "currentIndex": 1,
          "deviceIndexes": [
            0,
            1
          ]
        },
        "timestamp": "1698375434695"
      }
    }
  }
}